,accuracy,precision,recall,f1,roc_auc
Ensemble,0.9649122807017544,0.9333333333333333,0.9767441860465116,0.9545454545454545,0.99737962659679
