,accuracy,precision,recall,f1,roc_auc
Logistic Regression,0.9824561403508771,0.9767441860465116,0.9767441860465116,0.9767441860465116,0.9977071732721913
Random Forest,0.9473684210526315,0.9302325581395349,0.9302325581395349,0.9302325581395349,0.993940386505077
SVM,0.9649122807017544,0.9534883720930233,0.9534883720930233,0.9534883720930233,0.99737962659679
XGBoost,0.9824561403508771,0.9767441860465116,0.9767441860465116,0.9767441860465116,0.99475925319358
Neural Network,0.9649122807017544,0.9333333333333333,0.9767441860465116,0.9545454545454545,0.9934490664919751
