component,explained_variance,cumulative_variance
1,0.4427202560752634,0.4427202560752634
2,0.1897118204403308,0.6324320765155942
3,0.09393163257431392,0.7263637090899081
4,0.06602134915470154,0.7923850582446097
5,0.054957684923462646,0.8473427431680723
6,0.04024522039883345,0.8875879635669058
7,0.022507337129825042,0.9100953006967308
8,0.015887238000213293,0.9259825386969441
9,0.013896493745591095,0.9398790324425352
10,0.011689781894131517,0.9515688143366667
